{
  "trained_at": "2026-07-14T06:29:05.549786+00:00",
  "n_train": 33562,
  "n_test": 8391,
  "tuned": false,
  "regressor": {
    "cv_mae_mean": 3.1225496343993537,
    "cv_mae_std": 0.020414891960972948,
    "test_mae": 3.0770520495652387,
    "test_rmse": 3.8702743197317666,
    "test_r2": 0.8261408829010783
  },
  "classifier": {
    "cv_auc_mean": 0.985228804894416,
    "cv_auc_std": 0.0010874821301009821,
    "test_accuracy": 0.9337385293767132,
    "test_precision": 0.9394213381555153,
    "test_recall": 0.8312,
    "test_f1": 0.8820033955857386,
    "test_roc_auc": 0.9842087251739944
  }
}